"ID","BRAND","CATEGORY","COLOR","DESCRIPTION","IMAGE","MATERIAL","PRICE","SIZE","SKU","TITLE"
"1","type","Storage","Black","A tiered shoe storage floor standing shoe rack is perfect for all homes and is a great option for keeping any room tidy. Featuring a minimalism style, it has a tubular metal frame that is lightweight yet strong, making the rack easy to move and very durab","https://media.debenhams.com/i/debenhams/m0670586500746_black_xl.jpeg?sm=mc&fmt=auto&cs=rgb&qlt=default&imagewidth=320&imageheight=480&w=%7B%24imagewidth%2A%24dpr%7D&h=%7B%24imageheight%2A%24dpr%7D&dpr=1&img404=debenhams-image-makeover&%24dbz-cms-ttl-3hr%24=true","Metal, Plastic","9.0","One Size","M0670586500746","6 Tiers Shoe Rack Organizer Stainless Steel Stackable Space Saving Shoe Shelf"
"2","type","Beauty Tools","Green","Here comes a good helper with your makeup organization and arrangement. Designed with a cabinet and 2 drawers, your tall bottles, makeup brushes can fit in perfectly. Rest assured that 70% of your tabletop space can be saved. It adopts thickened plastic a","https://media.debenhams.com/i/debenhams/m0670586478595_green_xl.jpeg?sm=mc&fmt=auto&cs=rgb&qlt=default&imagewidth=320&imageheight=480&w=%7B%24imagewidth%2A%24dpr%7D&h=%7B%24imageheight%2A%24dpr%7D&dpr=1&img404=debenhams-image-makeover&%24dbz-cms-ttl-3hr%24=true","25cm W x 18.5cm D x 37cm H","14.0","One Size","M0670586478595","Cosmetic Organizer Skincare Display Box With 2 Layers Of Storage Boxes And Transparent Lid Elegant Makeup Storage Organizer Box with Drawers and Handle"
"3","type","Fragrance","Misc","Emporio Armani Diamonds She Eau de Parfum. A perfume inspired by both the past and the present, the traditional and the modern. This is particularly reflected by the ingredients. A perfume that reflects the sparkle, strength, brilliance and sexiness of th","https://media.debenhams.com/i/debenhams/ydd06475_misc_xl?sm=mc&fmt=auto&cs=rgb&qlt=default&imagewidth=320&imageheight=480&w=%7B%24imagewidth%2A%24dpr%7D&h=%7B%24imageheight%2A%24dpr%7D&dpr=1&img404=debenhams-image-makeover&%24dbz-cms-ttl-3hr%24=true","/","40.0","50ml, 100ml","YDD06475-247-230","Diamonds She Eau De Parfum"
"4","type","Kitchen Utensils","Black","This Livingandhome silicone cooking utensil set will be your irreplaceable assistant in the kitchen. This set has 11 pieces in total and caters to almost every need in the kitchen. Made from high-quality food-grade silicone, these utensils are durable and","https://media.debenhams.com/i/debenhams/m0744052935797_black_xl.jpeg?sm=mc&fmt=auto&cs=rgb&qlt=default&imagewidth=320&imageheight=480&w=%7B%24imagewidth%2A%24dpr%7D&h=%7B%24imageheight%2A%24dpr%7D&dpr=1&img404=debenhams-image-makeover&%24dbz-cms-ttl-3hr%24=true","/","14.98","One Size","M0744052935797","11-piece Silicone Kitchen Utensil Set for Nonstick Cookware Kitchenware Set"
"5","type","Beauty Tools","Rose Gold","This Makeup Brush Set has great value and large capacity. Including 5 PCS face basic brushes, 7 PCS eyeshadow brushes, to meet your general daily makeup needs for application. Great for makeup beginners and professional makeup lovers.Finer and softer than","https://media.debenhams.com/i/debenhams/m0637586355745_rose%20gold_xl.jpeg?sm=mc&fmt=auto&cs=rgb&qlt=default&imagewidth=320&imageheight=480&w=%7B%24imagewidth%2A%24dpr%7D&h=%7B%24imageheight%2A%24dpr%7D&dpr=1&img404=debenhams-image-makeover&%24dbz-cms-ttl-3hr%24=true","12","13.98","One Size","M0637586355745","12 Pcs Professional Makeup Brush Set with Makeup Tool"
"6","type","Fragrance","Misc","A classic, contemporary design with a luxurious feel is fused in each Jasper Conran Man gift set, containing a 100ml Man Eau de Toilette with its 100ml Bath & Shower Gel, leaving the skin freshly cleansed and delicately perfumed. Jasper Conran Signature f","https://media.debenhams.com/i/debenhams/ydd11926_misc_xl?sm=mc&fmt=auto&cs=rgb&qlt=default&imagewidth=320&imageheight=480&w=%7B%24imagewidth%2A%24dpr%7D&h=%7B%24imageheight%2A%24dpr%7D&dpr=1&img404=debenhams-image-makeover&%24dbz-cms-ttl-3hr%24=true","/","12.0","100ml","YDD11926-247-230","Signature Man Eau De Toilette 100ml Gift Set"
"7","type","Kitchen & Food Storage","Black","With 2 Tier design, this dish drainer rack with drip tray provides large space for storing your various tableware like plates, dishes and glasses. Attached with 2 plastic containers for holding spoon, fork, knife and chopsticks. The dish rack can be detac","https://media.debenhams.com/i/debenhams/m0744052881421_black_xl.jpeg?sm=mc&fmt=auto&cs=rgb&qlt=default&imagewidth=320&imageheight=480&w=%7B%24imagewidth%2A%24dpr%7D&h=%7B%24imageheight%2A%24dpr%7D&dpr=1&img404=debenhams-image-makeover&%24dbz-cms-ttl-3hr%24=true","Metal","17.99","One Size","M0744052881421","Kitchen 2-Tier Metal Dish Drainer Rack Detachable Storage Drip Tray Sink Washing Plates Draining Board"
"8","type","Home Fragrance","Multi","Yankee Candle Under The Desert Sun Wow Gift Set is the perfect candle gift to help families and friends make special times and treasured memories this summer! Containing 2 scented votive candles, 1 classic medium jar candle, 1 classic small jar candle, 2 ","https://media.debenhams.com/i/debenhams/ydd14882_multi_xl?sm=mc&fmt=auto&cs=rgb&qlt=default&imagewidth=320&imageheight=480&w=%7B%24imagewidth%2A%24dpr%7D&h=%7B%24imageheight%2A%24dpr%7D&dpr=1&img404=debenhams-image-makeover&%24dbz-cms-ttl-3hr%24=true","/","25.0","One Size","YDD14882-144-35","SS24 WOW Set"
"9","type","Storage","White","Witnessing beauty requires an exquisite cosmetics makeup organizer. This beauty organizer is durable enough for long lasting use, and takes up less room and make your place tidy. The beautiful color and unique design also add warmth and personality to you","https://media.debenhams.com/i/debenhams/m0073553102736_white_xl.jpeg?sm=mc&fmt=auto&cs=rgb&qlt=default&imagewidth=320&imageheight=480&w=%7B%24imagewidth%2A%24dpr%7D&h=%7B%24imageheight%2A%24dpr%7D&dpr=1&img404=debenhams-image-makeover&%24dbz-cms-ttl-3hr%24=true","28cm W x 20cm D x 34cm H","19.99","One Size","M0073553102736","Large Capacity Cosmetic Storage Box with Drawers"
"10","type","Duvets & Pillows","White","The Slumberdown Sleep Soundly Rebound pillow has been crafted with a unique quilted microfibre cover which is breathable and luxuriously soft to touch, providing you a plush and a cushioned surface to rest your head so you can sleep soundly. These thick p","https://media.debenhams.com/i/debenhams/m5012924072662_white_xl.jpeg?sm=mc&fmt=auto&cs=rgb&qlt=default&imagewidth=320&imageheight=480&w=%7B%24imagewidth%2A%24dpr%7D&h=%7B%24imageheight%2A%24dpr%7D&dpr=1&img404=debenhams-image-makeover&%24dbz-cms-ttl-3hr%24=true","/","18.0","One Size","M5012924072662","2 Pack Sleep Soundly Rebound Firm Support Pillows"
"11","type","Shelves & Bookcases","White","If you find your space quite empty, you can fill it up with our striking zigzag shelf. This exclusively designed floating shelf will store your things in style. Featuring a zigzag design, this floating shelf provides you with an ideal solution to store an","https://media.debenhams.com/i/debenhams/m0670586469784_white_xl.jpeg?sm=mc&fmt=auto&cs=rgb&qlt=default&imagewidth=320&imageheight=480&w=%7B%24imagewidth%2A%24dpr%7D&h=%7B%24imageheight%2A%24dpr%7D&dpr=1&img404=debenhams-image-makeover&%24dbz-cms-ttl-3hr%24=true","122x19.5x19.5cm","16.0","One Size","M0670586469784","5 Tier Audrienne Corner Bookcase"
"12","type","Body","White","Our luxurious bathrobe is made of high-quality flannel which is soft, durable and warm than other. The comfortable and absorbent bathrobe makes it perfect for you in the spa, swimming pool or at home. The bathrobe is 47in long, the bust is 51in, and there","https://media.debenhams.com/i/debenhams/m0033616651212_white_xl.jpeg?sm=mc&fmt=auto&cs=rgb&qlt=default&imagewidth=320&imageheight=480&w=%7B%24imagewidth%2A%24dpr%7D&h=%7B%24imageheight%2A%24dpr%7D&dpr=1&img404=debenhams-image-makeover&%24dbz-cms-ttl-3hr%24=true","37.6 x 9.5 x 29.6cm","18.82","One Size","M0033616651212","7Pcs Spa Bathrobe and Slippers Gift Set"
"13","type","Lighting","Multi","The moment you set eyes on this Livingandhome ceiling light, you will be attracted by the unique layered design. The two luminous layers each have a faceted crystal edge, which adds an elegant embellishment to this light. With the combination of chrome fi","https://media.debenhams.com/i/debenhams/m0637586351952_multi_xl.jpeg?sm=mc&fmt=auto&cs=rgb&qlt=default&imagewidth=320&imageheight=480&w=%7B%24imagewidth%2A%24dpr%7D&h=%7B%24imageheight%2A%24dpr%7D&dpr=1&img404=debenhams-image-makeover&%24dbz-cms-ttl-3hr%24=true","30cm W x 30cm D x 14cm H","32.8","One Size","M0637586351952","Crystal Double-Layer Round LED Ceiling Light Cool White"
"14","type","Heels","Silver","Elevate your style with our Pointed Toe Low Kitten Heel with Crossover Strap. These heels are the perfect addition to your shoe collection, offering a fashion-forward design combined with comfort. Key Features: Pointed Toe: The pointed toe of these heels ","https://media.debenhams.com/i/debenhams/m5059283279776_silver_xl.jpeg?sm=mc&fmt=auto&cs=rgb&qlt=default&imagewidth=320&imageheight=480&w=%7B%24imagewidth%2A%24dpr%7D&h=%7B%24imageheight%2A%24dpr%7D&dpr=1&img404=debenhams-image-makeover&%24dbz-cms-ttl-3hr%24=true","/","24.99","3, 4, 5, 6, 7, 8, 9","M5059283279776","'Beatrice' Low Kitten Heel With Crossover Strap"
"15","type","Duvets & Pillows","White","Exclusive Ezysleep box sided mattress topper made from high grade anti allergic microfiber. These toppers are soft, durable and help provide a comfortable nights sleep. Easy care, these toppers can be held securely in place with the strong elasticated str","https://media.debenhams.com/i/debenhams/m0618202330902_white_xl.jpeg?sm=mc&fmt=auto&cs=rgb&qlt=default&imagewidth=320&imageheight=480&w=%7B%24imagewidth%2A%24dpr%7D&h=%7B%24imageheight%2A%24dpr%7D&dpr=1&img404=debenhams-image-makeover&%24dbz-cms-ttl-3hr%24=true","/","32.294164","Small Double, Small Single, Single, Double, King, Super King","M0618202330919","4 Inch Thick Super Soft Mattress Topper"
"16","type","Body","Purple","Home Pampering Gift Set - Shower gel, bubble bath, bath salt, body lotion, body butter, hand cream, hand soap, reed diffuser, bath bomb, bath pouf packaged in a nice iron box. The 12 pcs set offers the most luxurious and perfect bath experience. All of ou","https://media.debenhams.com/i/debenhams/m0033616651182_purple_xl.jpeg?sm=mc&fmt=auto&cs=rgb&qlt=default&imagewidth=320&imageheight=480&w=%7B%24imagewidth%2A%24dpr%7D&h=%7B%24imageheight%2A%24dpr%7D&dpr=1&img404=debenhams-image-makeover&%24dbz-cms-ttl-3hr%24=true","28.5 x 19.4 x 25cm","16.0","One Size","M0033616651182","12Pcs Spa Gift Baskets Lavender Bath Gift Set"
"17","type","Lighting","Multi","With this Livingandhome light fixture, your home will be taken to another level. The squared outline of our light works perfectly with the crystal droplets. Made from clear crystal and the canopy with brushed chrome detailing, the light is refracted throu","https://media.debenhams.com/i/debenhams/m0637586351761_multi_xl.jpeg?sm=mc&fmt=auto&cs=rgb&qlt=default&imagewidth=320&imageheight=480&w=%7B%24imagewidth%2A%24dpr%7D&h=%7B%24imageheight%2A%24dpr%7D&dpr=1&img404=debenhams-image-makeover&%24dbz-cms-ttl-3hr%24=true","50cm W x 50cm D x 21cm H","98.9","One Size","M0637586351761","Modern Fancy Crystal LED Flush Mount Ceiling Light"
"18","type","Storage","Green","❥Here comes a good helper with your makeup organization and arrangement！❥TWitnessing beauty requires an exquisite cosmetics makeup organizer. Here comes a good helper with your makeup organization and arrangement！❥This beauty organizer is durable enough f","https://media.debenhams.com/i/debenhams/m0073553102729_green_xl.jpeg?sm=mc&fmt=auto&cs=rgb&qlt=default&imagewidth=320&imageheight=480&w=%7B%24imagewidth%2A%24dpr%7D&h=%7B%24imageheight%2A%24dpr%7D&dpr=1&img404=debenhams-image-makeover&%24dbz-cms-ttl-3hr%24=true","28cm W x 20cm D x 34cm H","19.99","One Size","M0073553102729","Cosmetic Organizer Skincare Display Box Large Capacity Cosmetic Storage Box with Drawers,Perfume, Lipstick, Nail Polish, Hair Accessories Storage Box"
"19","type","Heels","Black","Step into style and comfort with our Dusk Wedge Shoes with Buckle Ankle Strap. These sandals are the perfect combination of casual chic and easy-wearing comfort, making them a must-have for your warm-weather wardrobe. Key Features: Casual Chic: The open t","https://media.debenhams.com/i/debenhams/m5059283301200_black_xl.jpeg?sm=mc&fmt=auto&cs=rgb&qlt=default&imagewidth=320&imageheight=480&w=%7B%24imagewidth%2A%24dpr%7D&h=%7B%24imageheight%2A%24dpr%7D&dpr=1&img404=debenhams-image-makeover&%24dbz-cms-ttl-3hr%24=true","/","27.99","3, 4, 5, 6, 7, 8, 9","M5059283301200","'Dusk' Wedge Shoes With Buckle Ankle Strap"
"20","type","Luggage","Grey","The Regency 4 piece luggage set offers some serious packing space, with options ideal for a weekend getaway or extended vacation. Each case comes complete with durable zipper for reliable closure and a lock for peace of mind. Featuring a hard protective s","https://media.debenhams.com/i/debenhams/m5034567874168_grey_xl.jpeg?sm=mc&fmt=auto&cs=rgb&qlt=default&imagewidth=320&imageheight=480&w=%7B%24imagewidth%2A%24dpr%7D&h=%7B%24imageheight%2A%24dpr%7D&dpr=1&img404=debenhams-image-makeover&%24dbz-cms-ttl-3hr%24=true","/","89.99","One Size","M5034567874168","4 Piece Regency Hard Shell Luggage Set - Navy"
"21","type","Storage Furniture","Grey","Introducing our latest batch of Arlington 2 Drawer 3 Door Sideboard, meticulously crafted to address previous manufacturing concerns and perfected to meet our highest standards. The Arlington 2 Drawer 3 Door Sideboard, a beautifully crafted furniture piec","https://media.debenhams.com/i/debenhams/m5056562049556_grey_xl.jpeg?sm=mc&fmt=auto&cs=rgb&qlt=default&imagewidth=320&imageheight=480&w=%7B%24imagewidth%2A%24dpr%7D&h=%7B%24imageheight%2A%24dpr%7D&dpr=1&img404=debenhams-image-makeover&%24dbz-cms-ttl-3hr%24=true","Size: H 82 x W 117 x D 35 cm approx., Weight Limit: 10kg Table Top","89.99","One Size","M5056562049556","Vida Designs Arlington 2 Drawer 3 Door Sideboard 820 x 1170 x 350 mm"
"22","type","Shelves & Bookcases","Brown","This storage shelf by H&O Direct is a great way to store all your exhibits. Composed of thick metal and high-quality MDF panels, the simple and clean lines add a feel of industrial sophistication to any space, while open storage shelves provide plenty of ","https://media.boohoo.com/i/boohoo/m0033616651038_brown_xl.jpeg?sm=mc&fmt=auto&cs=rgb&qlt=default&imagewidth=320&imageheight=480&w=%7B%24imagewidth%2A%24dpr%7D&h=%7B%24imageheight%2A%24dpr%7D&dpr=1&%24dbz-cms-ttl-3hr%24=true","92cm W x 30cm D x 173cm H","104.0","One Size","M0033616651038","Industrial 5 Tier Bookcase Display Shelf"
"23","type","Beauty Tools","White","Here comes a good helper with your makeup organization and arrangement. Designed with a cabinet and 2 drawers, your tall bottles, makeup brushes can fit in perfectly. Rest assured that 70% of your tabletop space can be saved. It adopts thickened plastic a","https://media.debenhams.com/i/debenhams/m0670586478601_white_xl.jpeg?sm=mc&fmt=auto&cs=rgb&qlt=default&imagewidth=320&imageheight=480&w=%7B%24imagewidth%2A%24dpr%7D&h=%7B%24imageheight%2A%24dpr%7D&dpr=1&img404=debenhams-image-makeover&%24dbz-cms-ttl-3hr%24=true","25cm W x 18.5cm D x 37cm H","16.99","One Size","M0670586478601","Cosmetic Organizer Skincare Display Box With 2 Layers Of Storage Boxes And Transparent Lid Elegant Makeup Storage Organizer Box with Drawers and Handle"
"24","type","Fragrance","Misc","The fragrance is warm and compelling and opens with tender mandarin, melon and mild pink pepper, which initially endow it with a certain light-heartedness. The heart of the fragrance is characterised by sensual white flowers with a soothing and beguiling ","https://media.debenhams.com/i/debenhams/ydd08245_misc_xl?sm=mc&fmt=auto&cs=rgb&qlt=default&imagewidth=320&imageheight=480&w=%7B%24imagewidth%2A%24dpr%7D&h=%7B%24imageheight%2A%24dpr%7D&dpr=1&img404=debenhams-image-makeover&%24dbz-cms-ttl-3hr%24=true","/","11.0","100ml","YDD08245-247-230","Parfum Gres Cabotine Gold Eau De Toilette 100ml"
"25","type","Kitchen & Food Storage","Dark Grey","The Neo 10 piece (10 Containers & 10 Lids) Glass food storage containers are designed to provide a variety of sizes and shapes to accommodate all your food storage needs. They come with airtight lids for preserving the freshness of food. The glass contain","https://media.boohoo.com/i/boohoo/m5056293917117_dark%20grey_xl.jpeg?sm=mc&fmt=auto&cs=rgb&qlt=default&imagewidth=320&imageheight=480&w=%7B%24imagewidth%2A%24dpr%7D&h=%7B%24imageheight%2A%24dpr%7D&dpr=1&%24dbz-cms-ttl-3hr%24=true","/","28.79","One Size","M5056293917117","10 Glass Containers & 10 Lids Food Storage Set – 10 Piece"
"26","type","Watches","Gold","Drape wrists in romantic, decadent timepieces inspired by the fashion capital of the world. The Milan Collection combines precision Swiss quartz craftsmanship with signature, effortless Italian style. This luxe series of watches by GV2 stuns with timeless","https://media.debenhams.com/i/debenhams/m840840126849_gold_xl.jpeg?sm=mc&fmt=auto&cs=rgb&qlt=default&imagewidth=320&imageheight=480&w=%7B%24imagewidth%2A%24dpr%7D&h=%7B%24imageheight%2A%24dpr%7D&dpr=1&img404=debenhams-image-makeover&%24dbz-cms-ttl-3hr%24=true","/","204.0","One Size","M840840126849","Milan Swiss Quartz Diamonds Silver Dial IPYG and Stainless Steel Watch"
"27","type","Mattresses","White","The Midnight Mattress provides optimal support to your body resulting in a comfortable nights sleep. The Midnight is a pocket sprung mattress made from individual pocket springs. Each pocket spring is enclosed within its own fabric pocket. Working indepen","https://media.debenhams.com/i/debenhams/m9502811877778_white_xl.jpeg?sm=mc&fmt=auto&cs=rgb&qlt=default&imagewidth=320&imageheight=480&w=%7B%24imagewidth%2A%24dpr%7D&h=%7B%24imageheight%2A%24dpr%7D&dpr=1&img404=debenhams-image-makeover&%24dbz-cms-ttl-3hr%24=true","/","139.00299","Small Single, Small Double, Single, Double, King, Super King","M9502811877778","Midnight Orthopaedic Mattress Built with Extra Hybrid Support Features"
"28","type","Garden Storage","Black","Keep your outdoor essentials safely stored away with this Waterproof Garden Storage Box. Designed to hold up to 320L with a lockable lid to securely close, it's perfect for storing pet food, cushions, garden tools, pool accessories, small toys and other b","https://media.debenhams.com/i/debenhams/m5060964818160_black_xl.jpeg?sm=mc&fmt=auto&cs=rgb&qlt=default&imagewidth=320&imageheight=480&w=%7B%24imagewidth%2A%24dpr%7D&h=%7B%24imageheight%2A%24dpr%7D&dpr=1&img404=debenhams-image-makeover&%24dbz-cms-ttl-3hr%24=true","/","39.99","One Size","M5060964818160","320L Large Deck Box Outdoor Plastic Storage Box Garden Benches with Lid & Handle for Patio Furniture Cushions Toys Sporting Equipment Pool Accessories"
"29","type","Body","Blue","Transform your home into a haven of relaxation with our Mint Scent Spa Gift Set. Relax in a luxurious bath filled with the soothing Shower Gel and Bubble Bath. Follow it up with the nourishing Body Lotion and Body Butter, leaving your skin velvety smooth.","https://media.debenhams.com/i/debenhams/m0033616738395_blue_xl.jpeg?sm=mc&fmt=auto&cs=rgb&qlt=default&imagewidth=320&imageheight=480&w=%7B%24imagewidth%2A%24dpr%7D&h=%7B%24imageheight%2A%24dpr%7D&dpr=1&img404=debenhams-image-makeover&%24dbz-cms-ttl-3hr%24=true","27.5cm W x 19.8cm D x 26.5cm H","16.94","One Size","M0033616738395","11pcs Mint Scent Bath Spa Gifts Set"
"30","type","Fragrance","Misc","Born in Roma. No Rules is my Rule.","https://media.debenhams.com/i/debenhams/ydd06698_misc_xl?sm=mc&fmt=auto&cs=rgb&qlt=default&imagewidth=320&imageheight=480&w=%7B%24imagewidth%2A%24dpr%7D&h=%7B%24imageheight%2A%24dpr%7D&dpr=1&img404=debenhams-image-makeover&%24dbz-cms-ttl-3hr%24=true","/","53.60104","30ml, 50ml, 100ml","YDD06698-247-224","Born In Roma Donna Eau de Parfum"
"31","type","Body","Orange","Elevate your daily cleansing routine with our Scented Bar Soap Set – a symphony of six enchanting fragrances including Sage, Eucalyptus, Peppermint, Rose Water, Jasmine, and Sandalwood. Crafted by a professional research and development team, these soaps ","https://media.debenhams.com/i/debenhams/m0033616738326_orange_xl.jpeg?sm=mc&fmt=auto&cs=rgb&qlt=default&imagewidth=320&imageheight=480&w=%7B%24imagewidth%2A%24dpr%7D&h=%7B%24imageheight%2A%24dpr%7D&dpr=1&img404=debenhams-image-makeover&%24dbz-cms-ttl-3hr%24=true","Bar Soap","17.78","One Size","M0033616738326","Bar Soap Gift Set-6 Pcs Hand Face and Body Soap Bar Set Soap Rocks Set Gift for Men & Women"
"32","type","Sandals","Black","Introducing our Cut Out Strap Detail Flat Sandals - the perfect combination of style and comfort. These sandals are designed to elevate your everyday looks with their sleek design and fashionable front strap detail. Key Features: Stylish Front Strap Detai","https://media.debenhams.com/i/debenhams/m5059283306618_black_xl.jpeg?sm=mc&fmt=auto&cs=rgb&qlt=default&imagewidth=320&imageheight=480&w=%7B%24imagewidth%2A%24dpr%7D&h=%7B%24imageheight%2A%24dpr%7D&dpr=1&img404=debenhams-image-makeover&%24dbz-cms-ttl-3hr%24=true","/","16.99","3, 4, 5, 6, 7, 8, 9","M5059283306618","'Maldives' Cut Out Strap Flat Sandals"
"33","type","Duvets & Pillows","White","Slumberdown’s popular Feels Like Down pillow, now with a Super Support upgrade! For a snuggly night’s sleep, combined with the firmer support that side sleepers especially benefit from. Just like the original Slumberdown Feels Like Down pillow, this versi","https://media.debenhams.com/i/debenhams/m5060543864403_white_xl.jpeg?sm=mc&fmt=auto&cs=rgb&qlt=default&imagewidth=320&imageheight=480&w=%7B%24imagewidth%2A%24dpr%7D&h=%7B%24imageheight%2A%24dpr%7D&dpr=1&img404=debenhams-image-makeover&%24dbz-cms-ttl-3hr%24=true","/","23.2","One Size","M5060543864403","4 Pack Feels Like Down Super Support Side Sleeper Firm Pillows"
"34","type","Luggage","Black","The Stripe 3 piece luggage set offers some serious packing space, with an option ideal for a weekend getaway or extended vacation. Each case comes complete with durable zipper for reliable closure and a lock for peace of mind. Featuring a hard protective ","https://media.debenhams.com/i/debenhams/m5034567874519_black_xl.jpeg?sm=mc&fmt=auto&cs=rgb&qlt=default&imagewidth=320&imageheight=480&w=%7B%24imagewidth%2A%24dpr%7D&h=%7B%24imageheight%2A%24dpr%7D&dpr=1&img404=debenhams-image-makeover&%24dbz-cms-ttl-3hr%24=true","/","62.99","One Size","M5034567874519","Delta Stripe 3 Piece Luggage Set"
"35","type","Face","0n1 Alabaster","Over 60 shades. 24-hour staying power. The #1 prestige foundation in the UK.*","https://media.debenhams.com/i/debenhams/ydd10844_0n1%20alabaster_xl?sm=mc&fmt=auto&cs=rgb&qlt=default&imagewidth=320&imageheight=480&w=%7B%24imagewidth%2A%24dpr%7D&h=%7B%24imageheight%2A%24dpr%7D&dpr=1&img404=debenhams-image-makeover&%24dbz-cms-ttl-3hr%24=true","/","39.5","30ml","YDD10844-4139-224","Double Wear Stay in Place Foundation SPF10"
"36","type","Garden Furniture","Grey","Give your garden space that premium feels with the Algarve Outdoor furniture set, this contemporary and elegant set is ideal for giving you extra outdoor dining space as well as being a stylish seating solution for your outdoor space or conservatory. This","https://media.debenhams.com/i/debenhams/m5060847955821_grey_xl.jpeg?sm=mc&fmt=auto&cs=rgb&qlt=default&imagewidth=320&imageheight=480&w=%7B%24imagewidth%2A%24dpr%7D&h=%7B%24imageheight%2A%24dpr%7D&dpr=1&img404=debenhams-image-makeover&%24dbz-cms-ttl-3hr%24=true","/","499.0","One Size","M5060847955821","'Algarve' Outdoor Garden Furniture Set - 9 Seater Sofa & Table Set with Cushions - Patio Rattan Conversation Set"
"37","type","Garden Furniture","White","The 3 Seater Swing Chair with Adjustable Canopy is a perfect addition to any garden or patio, providing a comfortable and stylish seating solution for three people. Constructed with a sturdy stainless steel frame, this swing bench ensures durability and l","https://media.debenhams.com/i/debenhams/m6378399260362_white_xl.jpeg?sm=mc&fmt=auto&cs=rgb&qlt=default&imagewidth=320&imageheight=480&w=%7B%24imagewidth%2A%24dpr%7D&h=%7B%24imageheight%2A%24dpr%7D&dpr=1&img404=debenhams-image-makeover&%24dbz-cms-ttl-3hr%24=true","/","54.99","1 Pack","M6378399260362","3 Seater Garden Patio Swing Chair, Waterproof UV Resistant Padded Seat Cushion Swing Bench, Steel Frame Backyard Top Roof Swing Chair"
"38","type","Face","Multi","Giftin Goodies They're Real Mascara, Hoola Bronzer, Porefessional Primer & Precisely My Brow Pencil Set (Worth £84.50)","https://media.boohoo.com/i/boohoo/ydd12244_multi_xl?sm=mc&fmt=auto&cs=rgb&qlt=default&imagewidth=320&imageheight=480&w=%7B%24imagewidth%2A%24dpr%7D&h=%7B%24imageheight%2A%24dpr%7D&dpr=1&%24dbz-cms-ttl-3hr%24=true","/","33.6","One Size","YDD12244-144-35","Giftin Goodies They're Real Mascara, Hoola Bronzer, Porefessional Primer & Precisely My Brow Pencil Set (Worth £84.50)"
"39","type","Face","Multi","Our best value of the year and our most obsession-worthy. This limited-edition set features our most desired lash and brow serums, a full-size eyeliner, and a luxe clutch that's ready for any night time affair. This Obsession Set Includes: RevitaLash Adva","https://media.debenhams.com/i/debenhams/ydd14607_multi_xl?sm=mc&fmt=auto&cs=rgb&qlt=default&imagewidth=320&imageheight=480&w=%7B%24imagewidth%2A%24dpr%7D&h=%7B%24imageheight%2A%24dpr%7D&dpr=1&img404=debenhams-image-makeover&%24dbz-cms-ttl-3hr%24=true","/","103.2","One Size","YDD14607-144-35","Ultimate obsessions kit; Lashes (Worth £213)"
"40","type","Skin","Multi","PROTECT BY DAY, RENEW BY NIGHT. Everyday environmental stressors like pollution and lack of sleep can disrupt your skin, leading to premature signs of ageing. Advanced Night Repair Serum fights back by promoting your skin's natural renewal cycle. It infus","https://media.debenhams.com/i/debenhams/ydd10826_multi_xl?sm=mc&fmt=auto&cs=rgb&qlt=default&imagewidth=320&imageheight=480&w=%7B%24imagewidth%2A%24dpr%7D&h=%7B%24imageheight%2A%24dpr%7D&dpr=1&img404=debenhams-image-makeover&%24dbz-cms-ttl-3hr%24=true","/","65.00115","30ml, 50ml, 75ml","YDD10826-144-224","Advanced Night Repair Serum Synchronized Multi-Recovery Complex"
